TYPE,DESCRIPTION,AREA,PRICE,PURPOSE,LOCATION,BUILD IN YEAR,BEDROOMS,BATHROOMS,PARKING SPACES,is_rent,Predicted_Price
House,key features kanal designer house dha phase location advantage situated prestigious dha defence phase secure serene easily accessible spacious layout kanal plot thoughtfully planned expertly executed luxury bedrooms modern attached bathrooms stylish tv lounges formal drawingdining area designer touches contemporary architecture premium finishes imported flooring mix tile hardwood artistic ceilings ambient lighting effects gourmet kitchens main dirty kitchens fitted highend appliances custom cabinetry sleek countertops luxury addons central heating cooling system smart home features cctv surveillance solar energy setup optionalif installed outdoor elements beautiful front lawn cozy backyard parking space vehicles covered garage additional perks servant quarter attached bath toptier sanitary fittings fixtures throughout peaceful neighborhood high resale value,4500.0,139000000.0,For Sale,"DHA Defence Phase 2, DHA Defence, Islamabad, Islamabad Capital",2014,6,6,1,0,128714000.0
House,stunning brandnew kanal doubleunit house available sale dha phase islamabad beautifully designed home offers modern architecture spacious interiors highend finishes prime location secure welldeveloped sector double unit design ideal large families rental income elegant bedrooms attached luxurious bathrooms spacious drawing dining living areas modern kitchen highquality fittings servant quarters car parking topquality construction stylish interiors house perfect looking comfort luxury prime investment opportunity contact details visit,4500.0,103000000.0,For Sale,"DHA Defence Phase 2, DHA Defence, Islamabad, Islamabad Capital",2025,6,7,4,0,106769166.66666669
House,stunnint designer house within walking distance central park dha phase islamabad house features bedrooms bathrooms branded kitchens appliances luxury tv lounges drawing dining rooms double glazed windows solid mahogany wood work stunning imported tiles powder room car porch vehicles servant quarterdiscover epitome luxury modern living stunning kanal designer house located prestigious dha phase islamabad every detail residence meticulously designed offer perfect blend elegance comfort functionality key features bedrooms spacious exquisitely designed bedrooms attached luxury bathrooms living spaces stylish tv lounges family entertainment kitchens fully equipped modern kitchens including dirty kitchen added convenience drawing dining elegant drawing room dining area ideal hosting guests servant quarter separate servant room attached bath top floor exterior contemporary faade landscaped front lawn ample parking space cars location parkfacing situated prime area dha phase offering proximity giga mall islamabad highway topnotch amenities additional highlights highquality fixtures fittings imported tiles woodwork doubleglazed windows ensuring natural light soundproofing central heating cooling provision separate laundry area storage spaces house excellent choice seeking luxurious lifestyle secure wellproportioned,4500.0,138500000.0,For Sale,"DHA Defence Phase 2, DHA Defence, Islamabad, Islamabad Capital",2024,5,5,3,0,129640000.0
House,key features kanal designer house dha phase location advantage situated prestigious dha defence phase secure serene easily accessible spacious layout kanal plot thoughtfully planned expertly executed luxury bedrooms modern attached bathrooms stylish tv lounges formal drawingdining area designer touches contemporary architecture premium finishes imported flooring mix tile hardwood artistic ceilings ambient lighting effects gourmet kitchens main dirty kitchens fitted highend appliances custom cabinetry sleek countertops luxury addons central heating cooling system smart home features cctv surveillance solar energy setup optionalif installed outdoor elements beautiful front lawn cozy backyard parking space vehicles covered garage additional perks servant quarter attached bath toptier sanitary fittings fixtures throughout peaceful neighborhood high resale value,4500.0,139000000.0,For Sale,"DHA Defence Phase 2, DHA Defence, Islamabad, Islamabad Capital",2014,6,6,1,0,128714000.0
House,one kanal luxury designer sami furnished used house available sale basic amenities dha phase islamabad solar system also installed,4500.0,91000000.0,For Sale,"DHA Defence Phase 2, DHA Defence, Islamabad, Islamabad Capital",2023,5,6,3,0,100420000.0
House,property details area dha islamabad property size kanal marla extra land house highlights luxuriously designed owner built triple story brand new househouse details bedrooms attached washrooms drawing dining area powder room double highted lobby tv lounge kitchen servant quarterhouse aesthetics doors made solid wood mahogany double height lobby windows upvc imported tiles jacuzzis installed washrooms car porch carssuvs marla land back house established lawnprice crore,5400.0,130000000.0,For Sale,"DHA Defence Phase 2, DHA Defence, Islamabad, Islamabad Capital",2025,8,6,2,0,121970000.0
House,kanal adorable bungalow top location sale dha phase islamabaddha phase islamabad dha completion certificate approved outstanding location mins drive jacaranda family club mins drive giga mall world trade center islamabadgt road express way mins drive family bee park mins drive dha central park construction pictures also availablefeatures master size bedrooms washroom jacuzzi tub shower cabin bath kitchen wooden work washrooms imported fitting cars parking green lush lawn big tv lounge drawing room dining room powder room store rooms tile wooden flooring servant quarters sitting area bar b q area double unit bungalow complete wiring ups generator done bungalow cctv camera provision given house solid steel work used outside main gate sliding doors construction near adjacent house new spacious green belt planters around green belt beautiful lawn complete variety planters side streets proper covered tiles bungalow completed according dha bylaws imported kitchen practical implementation appliances cooking solid steel work used cabinets lights provision cabinets kitchen dirty kitchen small kitchen built style outer kitchen air conditioners installed bed rooms kitchen dinning drawing room double glace windows sound proofing washing area elegantly managed back side bungalow good sizes washrooms large wardrobes rain showers installed washrooms superb elevation,4500.0,135000000.0,For Sale,"DHA Defence Phase 2, DHA Defence, Islamabad, Islamabad Capital",2025,5,6,2,0,132880000.0
Flat,goldcrest views luxury project giga group dha phase islamabad world class amenities rooftop well podium fastest construction work progress site goldcrest views towerb story towertwo bedroom apartment amenities podiumfloor nd floorarea sq fttotal price upfront payment rs payment paid owner apartmentquarterly installment remaining payment years easy installment plan possession dec model apartment visited giga mall world trade center margalla facing apartment avail opportunity late goldcrest views located prime address downtown giga centrally connected place main g road place best health education facilities always available plus biggest shopping mall islamabad giga mall unique dmall walking distance away moreover strategic location easily accessible rawalpindi well islamabad located heart twin cities goldcrest views islamabad featuresthe facilities available every home owner goldcrest views start podium level reach sky every home owner exclusive access roof top facilities expansive views margalla hills unmatchable facilities provided project arerooftop amenitiesswimming pool children play areas juice barrelaxation lounge health club gymnasium saunasteam room shower areas seating area ampamp garden podium levelmosque children play areas barbeque area joggingwalking track water bodies ampamp fountains daycare center indoor sports bakerylibrarytuck shopstandard featuresstudio bed luxury apartments amp amp penthouses community center power backup covered car parking hours cctv security surveillance fully furnished apartments optional prime location dha islamabad information contact please written cell,1350.0,24300000.0,For Sale,"Goldcrest Views, DHA Defence Phase 2, DHA Defence, Islamabad, Islamabad Capital",2024,2,2,1,0,19424000.0
House,luxurious kanal house sale dha phase offered al arz investmentsal arz investments proudly presents exquisite kanal residence located prime sector dha phase beautifully designed home offers perfect blend modern architecture topquality construction elegant interiors property features size kanal bedrooms spacious wellventilated bedrooms bathrooms attached modern bathrooms premium fittings living areas stylish drawing dining tv lounges kitchen fully equipped contemporary kitchen highend appliances servant quarters separate accommodation staff parking wide porch ample car parking space interior tasteful ceilings imported tiles wooden finishes throughout location situated prime secure peaceful area dha phase easy access schools shopping centers main roads home ideal families seeking comfort elegance convenience one islamabads prestigious locations details schedule visit contact al arz investments today,4500.0,105000000.0,For Sale,"DHA Defence Phase 2, DHA Defence, Islamabad, Islamabad Capital",2025,6,6,4,0,110770000.0
House,designer beautiful house sale bahria greens overseas enclave sector top height location house discriptionground floorit consists master bedrooms tiled washroomspowder roomdesigner kitchen tv lounge drawing room cars parking st floorit consists master bedrooms tiled washroomsdesigner kitchen tv lounge servant quarterroof top bar b que areaother features double storey housetop line celingfully tiled flooring washrroms equiped modern fittingsthe superb house location good gated areaall basic nessessities life available sequrity availableelectricity water supply available lush green parks nearbycommeecial area nearby schools bearbyhospitals nearbyfood street nearby banks nearby house close new bahria headoffice direct meeting buyers sellersgharonda real estate builders pvt limited,4500.0,95000000.0,For Sale,"DHA Defence Phase 2, DHA Defence, Islamabad, Islamabad Capital",2025,6,6,2,0,109365000.0
House,property details area dha islamabad property size marla near mcdonalds house highlights luxuriously designed new house swimming poolhouse details bedrooms attached washrooms drawing dinning area powder room ac installed tv lounge kitchen servant quarter swimming pool shower area area gym solar installed house asthetics doors made mahaghni wood safaily windows chawla aluminium imported tiles car porch carssuvs,4500.0,139000000.0,For Sale,"DHA Defence Phase 2, DHA Defence, Islamabad, Islamabad Capital",2024,6,6,3,0,127533071.42857148
House,discover epitome modern living exquisitely designed kanal house dha phase islamabad crafted elegance sophistication property offers luxurious lifestyle prime location key features bedrooms spacious bedrooms attached designer baths kitchens fully equipped modern kitchens topquality fittings living areas expansive tv lounges comfortable family gatherings drawing dining elegant drawing dining areas formal occasions servant quarter separate servant room attached bath design modern architecture premium materials stylish finishes unique layout outdoor space beautifully landscaped lawn ample parking space multiple vehicles location situated heart dha phase close major amenities including schools parks mosques shopping centers additional features energyefficient lighting fixtures highquality flooring woodwork prime location easy access gt road islamabad highway house perfect families seeking comfort luxury convenience one islamabads prestigious neighborhoods demand contact details contact information schedule visit call dont miss rare opportunity dream home,4500.0,125000000.0,For Sale,"DHA Defence Phase 2, DHA Defence, Islamabad, Islamabad Capital",2024,6,6,3,0,117858166.66666669
House,brand new park face double story house sale located prime location g islamabadsize x marlagreat opportunity dont miss original pictures video attachedabout property drawing dining bedrooms washrooms kitchens tv lounge car parkingtille flooringideal locality electricity meters availablewater boring also water supply facility availableall facilities available need livingeasy access sirinagar highway near main double roadnear school college market masjid metro stationpublic transport hospitals etc located one best locations gislamabadjust call us visit u want live environment absolutely secured peaceful right time right place invest ur moneymore details please call,3150.0,120000000.0,For Sale,"G-13/4, G-13, Islamabad, Islamabad Capital",2025,6,6,2,0,117215000.0
Flat,bedroom apartment available sale bedroom terrace apartment washroom kitchen tv lounge car parkingnear giga mall near school collegesnear gt road information call,810.0,8000000.0,For Sale,"Al-Ghurair Giga, DHA Defence Phase 2, DHA Defence, Islamabad, Islamabad Capital",2024,2,2,1,0,8387500.0
House,kanal basementtop modern villa inside dha phase islamabad saledream home interior design architecture luxury living home tour modern amenities spacious rooms stunning views description welcome ultimate house tour step world luxury sophistication explore magnificent dream home exquisite interior design breathtaking architecture every detail meticulously crafted create elegance comfort get ready inspired spacious rooms stateoftheart amenities panoramic views leave awe join us virtual journey let transported world opulence serenity dont forget like subscribe share video spread beauty luxury livingfor options details contact us,4500.0,147500000.0,For Sale,"DHA Phase 2 - Sector B, DHA Defence Phase 2, DHA Defence, Islamabad, Islamabad Capital",2025,9,7,4,0,132666333.33333331
House,key features property marla housedouble unitslightly used bedsattached washrooms xkitchen xdrawing dining xservant quarter,1575.0,58500000.0,For Sale,"G-13, Islamabad, Islamabad Capital",2025,4,6,2,0,58995000.0
House,marla luxxary brand new park face available salewith following accomodation bedroom attach bath kitchen ddlounhg servent quarter front open park face extra lend sonex porta sanitary installedfor details plz contect,2250.0,120000000.0,For Sale,"D-12/2, D-12, Islamabad, Islamabad Capital",2025,6,7,4,0,109955000.0
House,brand new luxury double story house sale located islamabad size specious bedrooms attach bathdrawing dinning tv lounge leving areamodern style kitchen servant room attach bathseparate entrance car parking spacesolid construction vip finishing modern kitchen wardrobes imported wood high quality accessories designer built house hour water boring cda water connection also installedbigger rcc water tankelectricity meter gas meter applied sun faceing feet roadnear margalla road park green areaattached picture originalbeautiful sector front margalla hills dream house please feel free call need details request serious individual contact make immediate dealfor details viewing please contact us asif bangash markaz islamabad,1800.0,90000000.0,For Sale,"D-12, Islamabad, Islamabad Capital",2024,4,4,2,0,87045000.0
Flat,property details area dha islamabad property size sqft near mcdonalds house highlights luxuriously designed new house swimming poolhouse details bedrooms attached washrooms drawing dinning area powder room ac installed tv lounge kitchen servant quarter swimming pool shower area area gym solar installed house asthetics doors made mahaghni wood safaily windows chawla aluminium imported tiles car porch carssuvs,1935.0,21000000.0,For Sale,"DHA Defence Phase 2, DHA Defence, Islamabad, Islamabad Capital",2024,3,4,2,0,22945000.0
House,marla luxury designer single unit house available sale basic amenities top class location dha phase islamabad solar system also installed investor city desperately needs check available options islamabad become owner dream home centrally located property simply cannot say house better yet comes tonnes exciting features distinguish properties among sensible marla property options one think propertys location dha defence phase swell wed recommend sign quickly wont find better price current rs kind properties read property features premise kept clean times effective waste disposal management service house separate prayer room offer five daily prayers peacefully away noise house dedicated barbeque area enjoy family friends body pain vanish quick session jacuzzi property comes powder room adding many convenient features double glazed windows house great source insulation house comes sizeable dining room family meals together make wise investment decision experts waiting help call us today detailed assessment property advice,2250.0,67500000.0,For Sale,"DHA Defence Phase 2, DHA Defence, Islamabad, Islamabad Capital",2022,5,6,2,0,62512333.33333333
House,property details area dha islamabad property size kanal location south face ft road near central park house highlights contemporary designed single unit brand new househouse details bedrooms attached washrooms drawing dinning area powder room double highted lobby tv lounge double hight kitchen servant quarterhouse aesthetics doors made mohagany double height lobby windows upvc imported tiles jacuzzis rain shower installed washrooms car porch carssuvsdemand crore,4500.0,119000000.0,For Sale,"DHA Defence Phase 2, DHA Defence, Islamabad, Islamabad Capital",2025,5,6,2,0,136428333.33333334
House,kanal top modern villa inside dha phase islamabad saledream home interior design architecture luxury living home tour modern amenities spacious rooms stunning views description welcome ultimate house tour step world luxury sophistication explore magnificent dream home exquisite interior design breathtaking architecture every detail meticulously crafted create elegance comfort get ready inspired spacious rooms stateoftheart amenities panoramic views leave awe join us virtual journey let transported world opulence serenity dont forget like subscribe share video spread beauty luxury livingfor options details contact us,4500.0,147500000.0,For Sale,"DHA Defence Phase 2, DHA Defence, Islamabad, Islamabad Capital",2024,5,5,3,0,140846500.0
House,bed double unit marla designer house brand new house solid bricks construction earthquake proof ideal location solid wood work imported tiles flooring house water boring electricity meter roof ceiling house ground floor bedrooms attach bathrooms kitchen tv lounge drawing room powder room car porch laundry area st floor bedrooms attach bathrooms kitchen tv lounge drawing room attach bathroom used third bedroom terrace nd floor mumti concrete water tank roof top near main road market school mosque closed end street tough tile beautiful street call visit details,1350.0,22000000.0,For Sale,"Bani Gala, Islamabad, Islamabad Capital",2024,4,6,1,0,23800000.0
House,bed bath kitchen tv lounge drawing room bath car porch lawan,2250.0,16800000.0,For Sale,"Bani Gala, Islamabad, Islamabad Capital",2022,2,3,2,0,22331000.0
House,top location designer house available sale located prime location islamabadsize x marlacda sectorgreat opportunity dont miss original pictures video attachedabout property bedrooms washrooms drawing dining kitchens tv loungeservent mummty car parkingtille flooringideal localityexcellent wood workbeautiful location upscale neighbour hoodelectricity meters available also gas meter installed water boring also water supply facility availableall facilities available need livingeasy access margalla avenue near main double roadnear school college market masjid metro cash carrypublic transport hospitals etc located one best locations dislamabadjust call us visit u want live environment absolutely secured peaceful right time right place invest ur moneymore details please calldeal owner,2250.0,120000000.0,For Sale,"D-12/4, D-12, Islamabad, Islamabad Capital",2025,4,6,2,0,119965000.0
House,housing foundation sector gmarla bedroom double story house sale investor price nestled prestigious neighbourhood g st remarkable property built well maintained liveable double story bedroom including mumty utilities available gass electric city water situated street g exclusive approach kashmir highway surrounding golden opportunity looking low budget house permanent rental income safe affordable reasonable price,900.0,32500000.0,For Sale,"G-13/4, G-13, Islamabad, Islamabad Capital",2023,5,5,3,0,32634000.0
House,brand new house sale located prime location g islamabadsize x marlagreat opportunity dont miss original pictures attached property bedrooms washrooms drawing room kitchens tv loungecar parkingtile flooring double unit houseideal localityelectricity gas meters availablewater boring running also water supply facility availableall facilities available need livingnear main double road kashmir highway near school college market masjidpublic transport hospitals etc located one best locations gislamabadjust call us visitview contact detail,2250.0,82500000.0,For Sale,"G-13, Islamabad, Islamabad Capital",2025,6,6,2,0,82046250.0
House,property details area dha islamabad property size kanal house highlights aesthetically built single unit brand new househouse details bedrooms attached washrooms drawing dining area powder room double highted lobby tv lounge kitchen servant quarterhouse aesthetics doors made solid mohagany wood double height lobby windows upvc imported tiles car porch carssuvsdemand crore,4500.0,119000000.0,For Sale,"DHA Defence Phase 2, DHA Defence, Islamabad, Islamabad Capital",2025,5,6,2,0,123285952.38095237
House,dha phase islamabad beautiful designer canadian style luxury farnished house ultra luxury lavish house one kanal luxury house designer bedrooms fully furnished house park facing prime location sun facing walking distance commercial mosque visit info contact,4500.0,129000000.0,For Sale,"DHA Defence Phase 2, DHA Defence, Islamabad, Islamabad Capital",2025,5,6,3,0,129308333.33333331
House,presenting exceptional kanal masterpiece one soughtafter houses sale dha situated near park close essential amenities property offers luxurious living finest key features remarkable house spacious bedrooms attached bathroomsall bathrooms equipped highquality imported fittings including grohe fittingsimpeccable woodwork throughout house using teak wood ash woodimported fittings installed every washroomconveniently located near park mosquecommercial area close proximitytotal covered area approximately sq ftdoublestory structurewiring ups generator completedprovision cctv camerassolid steel work main gatesliding doors ease accesselegant marbletiled wooden flooringspanish tiles used cover washrooms contact us assistance,4500.0,149500000.0,For Sale,"DHA Defence Phase 2, DHA Defence, Islamabad, Islamabad Capital",2025,6,6,3,0,135840000.0
House,g double story house size x built feet road margalla viewfacing near srinagar highway park mosque main double road brokers genuine purchaser self contact plz owner directly involved details st floor bedrooms attached baths drawing dining tv lounge kitchen car porch vehiclesnd floor bedrooms attached baths dining tv lounge kitchen terrace floor servant quarter separate gas electricity meters details feel free call present fantastic opportunity house built prime location competitive price located soughtafter sector g property offers unbeatable combination convenience comfort value key highlights prime location g islamabad feet road house ventilation reasonable price according market rate excellent opportunity genuine buyersdont miss outif youre interested viewing property encourage get touch us immediately help find dream home look forward hearing soon,3150.0,87500000.0,For Sale,"G-13/4, G-13, Islamabad, Islamabad Capital",2020,7,6,2,0,94804000.0
House,single unit housevery prime location dhawalking distance market school mosque central park bedroom attach washroomsdrawing dinnning powder room kitchens tv loungecar porch car spacekw net metering solar system installedelectronics installed servant rooms common washroom solid landfor visit feel free contact,4500.0,125000000.0,For Sale,"DHA Phase 2 - Sector G, DHA Defence Phase 2, DHA Defence, Islamabad, Islamabad Capital",2025,5,5,1,0,122390952.38095237
House,exquisite marla house sale prime bani gala islamabadproperty highlightsspacious marla house elegant design modern finishes luxurious bedrooms attached bathrooms ultimate comfort stylish kitchen ample space perfect home chefs bright drawing dining room ideal family gatherings entertaining guests convenient parking area hasslefree parking solar system installed ecofriendly costefficient energy green meter reduced utility costselectricity gas meters installed ready immediate moveinautomatic water tank uninterrupted supplynayatel wifi preinstalled highspeed internetsecurity cameras enhanced safety prime locationkhakwani house mehmand palace road bilmukabil barrier bani gala islamabadpeaceful secure neighborhood perfect families close schools markets major roads easy commuting asking price pkr negotiable serious buyersthis moveinready home offers comfort convenience luxury one islamabads desirable areas dont miss rare opportunity contact schedule visit,1800.0,35000000.0,For Sale,"Bani Gala, Islamabad, Islamabad Capital",2023,5,5,2,0,33164500.0
House,g islamabad brand new house salesize x double units bedrooms washrooms kitchen tv lounge dd servant quarter boring available electric available solid wooden work lush green lawn extra parkingfor details contact us,4500.0,160000000.0,For Sale,"G-13, Islamabad, Islamabad Capital",2025,7,7,2,0,154250000.0
House,beautiful designer house feet road neat clean road bed rooms attached wash rooms v lounge drawing dining kitchen servant room car parking electricity meter gas meter water boring supply near market park masjid markaz facilities available beautiful margalla hills views near margalla avenu detail contact,2250.0,125000000.0,For Sale,"D-12, Islamabad, Islamabad Capital",2025,5,6,3,0,122040000.0
House,sale sqyrd brand new double storey house f_ house size sqyrd xbrand new double storey housecda transfer bedroomsattached bathrooms kitchen dirty kitchen alsodrawing dining tv lounges servant roomsbig terracelawn car parkingtiled flooringacs installedcentral heating systemsale demand crore currently tenant livingproperty links agency charge fee service charges agreement time,5850.0,470000000.0,For Sale,"F-7/1, F-7, Islamabad, Islamabad Capital",2025,6,6,2,0,446420000.0
House,pleased offer meticulously designed brand new marla house located prime residential area modern home combines elegance functionality comfort making ideal choice families looking luxurious living experience key featuresspacious layout house features wellplanned layout large living spaces including bedrooms bathrooms study room spacious drawing dining area highquality finishes premium materials used throughout including highend tiles wooden flooring topquality fixtures modern kitchen fully equipped contemporary kitchen modern appliances sleek cabinetry ample counter space contemporary design house boasts stylish modern facade large windows allowing plenty natural light prime location situated highly soughtafter neighborhood easy access major roads schools hospitals shopping centers amenities parking security spacious car parking area secure boundary walls security peace mind brand new marla house excellent opportunity seeking comfortable luxurious home dont miss chance purchase housefor details schedule viewing please contact us,2250.0,45000000.0,For Sale,"Top City 1 - Block A, Top City 1, Islamabad, Islamabad Capital",2025,5,7,2,0,42552500.0
House,sale sqyrd triple units sets rooms swimming pool bani gala plot size kanal covered area sqft approxbuilt renovated last time triple storey swimming poolmain gate front unitright unitside unit ensuite rooms attached bathrooms reception areas main offices areasdesigned maximum security staff equipmenthuge multi purpose central courtyard currently covered swimming poolmultiple kitchens servant areas multi purpose lounges large multi purpose hallshuge rooftop utility spaceall connection except gas connectionthree phase electric meterssale demand croredue personal reasons uploaded property links agency charge fee days service charges agreement time,9000.0,200000000.0,For Sale,"Bani Gala, Islamabad, Islamabad Capital",2025,5,6,2,0,192330000.0
House,marla house marla lawn available prim location bani galla double storey luxury modern designer stylish marla house marla lawn green areabedroom attach washroom driving dining tv launch kitchen laundry terrace big space parking electric metre water boring washing machine area nearby mosque nearby bani gala market waking distance masjid school concrete road sewerage line available gass line available,4500.0,67000000.0,For Sale,"Bani Gala, Islamabad, Islamabad Capital",2025,5,6,2,0,67900000.0
House,presenting exceptional kanal masterpiece one soughtafter houses sale dha situated near park close essential amenities property offers luxurious living finest key features remarkable house spacious bedrooms attached bathroomsall bathrooms equipped highquality imported fittings including grohe fittingsimpeccable woodwork throughout house using teak wood ash woodimported fittings installed every washroomconveniently located near park mosquecommercial area close proximitytotal covered area approximately sq fttriplestory structurewiring ups generator completedprovision cctv camerassolid steel work main gatesliding doors ease accesselegant marbletiled wooden flooringspanish tiles used cover washrooms,4500.0,140000000.0,For Sale,"DHA Defence Phase 2, DHA Defence, Islamabad, Islamabad Capital",2025,7,6,3,0,131600000.0
House,marla brand new first entry house sale g islamabad room attach bath cupboard drawing room attach bath dining room servant quarter attach bath cupboard mumty store room laundry area back taris front taris roof top view electricity meter seprate bor workingwatar supply week daysflooring tile luxury housecar parking geyser separate independent entrance proper separateideal location house,2250.0,95000000.0,For Sale,"G-13, Islamabad, Islamabad Capital",2022,6,6,2,0,88582916.66666669
House,dhaone kanal brand new designer houseprime location dha,4500.0,119000000.0,For Sale,"DHA Defence Phase 2, DHA Defence, Islamabad, Islamabad Capital",2024,5,6,3,0,116495000.0
House,triple story house sale fsize sq yardsun facingdemand cr cda transfer,17100.0,750000000.0,For Sale,"F-7, Islamabad, Islamabad Capital",2023,10,6,7,0,728290000.0
House,marla house street cornermargallah facing beautiful location near markzfive bedrooms attach washroom tv lounge double kitchens double unit house solid construction brand new house,2250.0,130000000.0,For Sale,"D-12/1, D-12, Islamabad, Islamabad Capital",2025,5,6,2,0,126850000.0
House,bedroom bathroom tv launch kitchen drawing room shravan quarter foot road near markaz near park near double roadiske alava aur bhi option available hai,2452.5,125000000.0,For Sale,"D-12, Islamabad, Islamabad Capital",2025,5,6,2,0,120820000.0
House,premium bedroom house sale prime locationdiscover luxury living heart spacious elegantly designed bedroom house featuring attached bathrooms stylish drawing dining area modern interiors home offers perfect blend comfort sophistication key featuresprime location spacious bedrooms attached bathroomselegant drawing amp dining areahighquality construction amp finishespeaceful amp secure neighborhoodperfect families seeking modern amp comfortable lifestylecontact details schedule visit,900.0,45000000.0,For Sale,"D-12/1, D-12, Islamabad, Islamabad Capital",2025,3,3,2,0,42515000.0
House,brand new marla construction house sale bahria enclave islamabadpresenting beautifully designed marla brand new house prestigious bahria enclave islamabad built construction quality home offers modern architecture premium finishes comfortable lifestyle serene secure environment property featuressize marla spacious bedrooms attached luxury bathrooms drawing rooms dining area tv lounge modern kitchens highend fittingspowder roomservant quarterwide car porchstylish ceilings tiled flooring quality woodworksolid structure excellent material workmanshipkv solar system installed additional highlightsbrand new house ready move inhighend sanitary electrical fittings porta faisalsolid wooden doorbeautiful front elevation wellmaintained lawnlocated fully developed peaceful sector bahria enclaveprime location benefitssecure gated community surveillancenear parks grand jamia mosque schools commercial areaeasy access main avenues islamabadthis ideal option families looking comfort style great community dont miss chance gem,2250.0,58000000.0,For Sale,"Bahria Enclave - Sector A, Bahria Enclave, Bahria Town, Islamabad, Islamabad Capital",2024,5,5,2,0,58550666.66666666
House,dont miss opportunity owning home islamabad options available affordable prices dream life awaits marla units sale located centrally house well designed accommodate family guests investment price pkr rs property secure bet house sale great deal considering comes many facilities convenient communityoriented lifestyle top city block perfect get details property features given enjoy winters warmth home due central heating house community swimming pool amenity one cant deny waste disposal management services ensures premise kept clean room house easily customised library art room study room looking house contact us today well make happen house features stateoftheart amenities differentlyabled prayer room house lets pray peacefully conveniently agents help address concerns dial given number,2250.0,46900000.0,For Sale,"Top City 1 - Block A, Top City 1, Islamabad, Islamabad Capital",2025,5,6,1,0,44966916.66666666
House,dhaone kanal brand new designer houseprime location dhaowner built house,4500.0,149000000.0,For Sale,"DHA Defence Phase 2, DHA Defence, Islamabad, Islamabad Capital",2025,6,6,3,0,142025000.0
House,looking lucrative investment opportunity islamabads prime location look present demolished house f offering immense potential investors situated soughtafter area cda transfer x plot rare find asking price crores property promises high returns investment whether youre planning rebuild develop prime location guarantees appreciation value plus multiple options available suit investment needs dont miss golden opportunity contact us today seize potential prime property f,5850.0,260000000.0,For Sale,"F-7, Islamabad, Islamabad Capital",2023,5,5,2,0,303750000.0
House,new furnished house sale located prime location islamabadsize x marlagreat opportunity dont miss original pictures attachedabout property bedrooms washrooms kitchens tv lounge sarvant quarter car parkingtile flooringdouble unit houseideal localityelectricity meters availablewater boring running also water supply facility availableall facilities available need livingnear main double road iran avenuenear school college market masjidpublic transport hospitals etc located one best locations dislamabadjust call us visit,900.0,44000000.0,For Sale,"D-12/1, D-12, Islamabad, Islamabad Capital",2023,4,4,1,0,41765000.0
House,marla double story house sale banigala beautiful view margala hills bedroom attached bathroom tv lounge kitchendrawing attached bath car parking mints driver islgated community,1125.0,21500000.0,For Sale,"Bani Gala, Islamabad, Islamabad Capital",2025,4,4,1,0,17166000.0
House,exclusive brand new spanishstyle masterpiece prime b sector indulge epitome luxury living stunning doublestorey spanish villa bahria enclaves prestigious sector b spread marla marla adjacent land home offers unmatched privacy side open views corner location boulevard parkfacing fronts key features ground floor elegant drawing room dining area tv lounge bedrooms basement room main kitchen wet kitchen first floor independent entrance car porch lavish bedrooms servant quarters expansive marla backyard landscaped garden gazeboperfect serene outdoor living imported spanish floor bathroom tiles italian sanitary fittings deuji core construction built premium materials unmatched durability elegance prime location benefits corner plot maximum sunlight ventilation boulevard parkfacing uninterrupted greenery premium views ultrapremium neighborhood bahria enclaves soughtafter sector houseits statement luxury exclusivity elite living contact private viewing masterpiece gone,4500.0,150000000.0,For Sale,"Bahria Enclave - Sector B1, Bahria Enclave, Bahria Town, Islamabad, Islamabad Capital",2024,5,7,4,0,134478750.0
House,top city islamabad prestigious housing society located heart islamabad top minutes drive zero point wellplanned community wide roads beautiful parks modern amenities society offers unique blend luxury affordability making attractive option families investors alike bykashmir highway kmmetro station kmm one near mint drive awaym one mint drive awaycpec mint drive awayislamabad international airport mint drive awaythalliayan interchange top mint drive awaygt road mint drive awayall bus terminals like daewoo faisal moversskywaysroad master kohistan etc mints drive awayquaid e azam international hospital mints drive awayzoo school park playgrounds community centre mosque golfclub commercial market kmview contact detail rao asghar,2250.0,57500000.0,For Sale,"Top City 1, Islamabad, Islamabad Capital",2024,6,7,2,0,52605000.0
House,house sale detailse size bedrooms washrooms drawing room dining room tv launge kitchen car parking space sale demand caro,2250.0,65000000.0,For Sale,"E-11/3, E-11, Islamabad, Islamabad Capital",2023,4,4,2,0,63405000.0
House,marla brand new house back open excellent construction quality sunfacing house available salenote best quality guaranteed construction finishing material house backopen green area accommodation bedrooms attach imported fitting washrooms kitchens huge tvs lounge drawing servant quarter attached bathfront terrace cars parkingoutside beautiful lawnmost beautiful location bahria enclave islamabad walking distance main gate mosque park commercials ideal location living enjoying amenities live healthy natural environmentcontact details,1125.0,23500000.0,For Sale,"Bahria Enclave - Sector F1, Bahria Enclave, Bahria Town, Islamabad, Islamabad Capital",2025,3,5,1,0,22598666.66666667
House,x marla brand new first entryavailable g room attach bath cupboard drawing room attach bath dining room servant quarter attach bath cupboard mumty store room laundry area back taris front taris roof top view electricity meter seprate bor workingwatar supply week daysflooring tile luxury housecar parking geyser separate independent entrance proper separateideal location house,1800.0,65000000.0,For Sale,"G-13, Islamabad, Islamabad Capital",2025,5,5,2,0,63926000.0
House,brand new house available sale ftriple story housewith bedroom attach bathroomelevated installedwith latest amenitiescda transferdemand cr negotiable,5850.0,480000000.0,For Sale,"F-7, Islamabad, Islamabad Capital",2025,6,6,5,0,478090000.0
House,marla double story house beautiful view sale banigala accommodation bedrooms attached bathrooms drawing room attached bathroom tv lunch kitchen car parking tiles imported tiles floors grey night marble stairs kitchen servant bedroom bathroom fittings kitchen accessories signature brand bathroom fittings imported shower sets imported commode roads street fit roads ft footpath schools baconhouse educators aq khan smart city allied school etc banks allied bank meezan bank mosque yes available markets yes available alpha cash carry infinity stores banigala cash carry many small stores fruits vegetables walking distance locals transport yes available van car drive careen distance isl faizabad mints islamabad mints faizabad view beautiful view islamabad banigala hills dam hospitals emergency checkups available price demand lac negotiable,2250.0,45000000.0,For Sale,"Bani Gala, Islamabad, Islamabad Capital",2025,6,6,2,0,45265000.0
House,g brand new yds architect design owner build double story house prime locationcomplete imported fitting fixtureselite class construction house master bedrooms attached stylish bathrooms two drawing dining two tv lounge two american style huge kitchen store two servant quarter huge lush green lawn huge car parking spaces reasonable price contact serious buyers negotiable pricecontact al hafiz estate f islamabad,4500.0,165000000.0,For Sale,"G-13, Islamabad, Islamabad Capital",2025,7,7,4,0,155386666.66666666
House,top city islamabad prestigious housing society located heart islamabad top minutes drive zero point wellplanned community wide roads beautiful parks modern amenities society offers unique blend luxury affordability making attractive option families investors alike bykashmir highway kmmetro station kmm one near mint drive awaym one mint drive awaycpec mint drive awayislamabad international airport mint drive awaythalliayan interchange top mint drive awaygt road mint drive awayall bus terminals like daewoo faisal moversskywaysroad master kohistan etc mints drive awayquaid e azam international hospital mints drive awayzoo school park playgrounds community centre mosque golfclub commercial market km,2250.0,44000000.0,For Sale,"Top City 1, Islamabad, Islamabad Capital",2024,5,7,2,0,44461933.33333334
House,prime category house available sale one great property option starting new chapter city marla sized residential commercial property best investment purposes expected houses yield positive returns coming years best time make move buying property bound make reasonable profits dream property available reasonable rs book nowfollowing notable features property work gym within premises make physical activity lag created urban life house centrally heated maintain temperature indoors conveniently direct guests powder room prayer room house lets pray peacefully conveniently sauna proven health benefits avail double glazed windows house great plus community swimming pool amenity one cant deny completely convince contact us put concerns rest,3150.0,135000000.0,For Sale,"D-12, Islamabad, Islamabad Capital",2019,7,6,2,0,141590000.0
House,eighteen luxury meets lifestyle islamabadbacked top developerseighteen prestigious development brought life ora developers saif group kohistan builders global expertiseora developers renowned premium projects like nile towers pier pyramid hills egypt ayia napa marina cyprus brings worldclass experience heart pakistan prime locationlocated southwest islamabad eighteen minutes new islamabad international airport seamlessly connected via major highways offering unmatched convenience exclusive living spaces amenitiesmassive scalespanning million square yards thoughtfully planned development premium residencesover residential units including luxury villas contemporary apartments spread across buildings distinct villa clusters offering privacy elegance championship golf coursea scenic yard hole professional golf course designed enthusiasts pros alike highend facilitiesclub house sq ftequipped cricket fields tennis squash courts swimming pools sports clubs yoga studios square luxury retail square feet upscale shopping accommodates vehicles dedicated parking core business hub million square feet cuttingedge office space housed architecturally unique buildings clinic worldclass medical facility square feet dedicated healthcare fully equipped emergency nonemergency services boutique hotela room luxury hotel event venues capable hosting guests,4500.0,90000000.0,For Sale,"Eighteen, Kashmir Highway, Islamabad, Islamabad Capital",2025,4,4,2,0,88769666.66666666
Flat,luxurious studio apartment elegance meets comfortindulge array worldclass amenities modern fitness center serene swimming pool exclusive entertainment lounges cinemas property offers lifetime maintenance enjoy worryfree lifestyle knowing every aspect home meticulously cared experience perfect blend luxury comfort convenience residence truly feels like home book luxury apartment payment easy quarterly installments info please contact,697.5,11300000.0,For Sale,"J7 Emporium, B-17, Islamabad, Islamabad Capital",2025,2,1,2,0,10617840.0
House,sector e marla brand new designers fully furnished house sale service cooperative housing gaz bedroom ground floor car parking bedroom dinning kitchen first floor bed dinning tv lounge living room kitchen servant roomfully furnished anam furniture hybrid solar instald inverter ac beds sofa sets aminites built living info please contactwhats view contact detail,3600.0,169000000.0,For Sale,"E-11/2, E-11, Islamabad, Islamabad Capital",2024,5,6,2,0,89070500.0
House,kanal villa sale youre luck house available affordable prices want comfort convenience serenity eighteen offers islamabad finest property options fit right budget owner wellfitted property available sale posh area good idea invest property pkr rs quite reasonable house given market proud owner kanal property best location important details property listed contact us today information central heating system house convenient everyone operate advantages doubleglazed windows house many completely convince contact us put concerns rest,9000.0,190000000.0,For Sale,"Eighteen, Kashmir Highway, Islamabad, Islamabad Capital",2023,5,6,2,0,283121000.0
House,double gate house corner gate carsnd gate cars powder double unit house without basement bed roomsdd tv sq store,4500.0,67500000.0,For Sale,"MPCHS - Multi Gardens, B-17, Islamabad, Islamabad Capital",2025,5,6,6,0,90098000.0
Flat,bahria enclave bed cube apartment sq feet possession utility circulation charges paid sunfacing available sale note best investment living opportunity finally project situated heart bahria enclave islamabad sector details apartment floor th apartment covered area sqft possession utility charges paid circulation charges paid apartment parking charges paidmore options available bahria enclave cube apartment building layout plan ground floor plus floors levels highly recommended investment living purpose bahria town name trust feel free contact details,1057.5,10000000.0,For Sale,"Cube Apartments, Bahria Enclave, Bahria Town, Islamabad, Islamabad Capital",2024,1,2,1,0,10076000.0
Flat,semifurnished elegance sqft flat sale royal mall residencydiscover perfect opportunity stunning semifurnished square feet flat designed cater preferences added flexibility customizable installment plans chance enjoy luxurious lifestyle without compromise key featuresspacious sqft layout blank canvas ready bring design ideas life comfortable bedrooms attached bathrooms privacy convenience airy lounge versatile living space ideal relaxation entertainment inverter air conditioners installed bedrooms lounge yearround comfort openconcept kitchen space waiting become culinary master bedroom retreat designed ultimate relaxation comfort adaptable secondary bedroom perfect guest room office additional living space attached bathrooms featuring topquality class fittings ample storage builtin cabinets every room meet storage needs secure living surveillance ensures peace mind dedicated parking convenient parking facilities residents guests customized installmentstailored payment plans designed fit financial needs flexible installment schedules match lifestyle location highlightsprime neighborhood close shopping dining entertainment options recreational proximity easy access parks leisure spots turn semifurnished flat dream home exceptional investment opportunity limitless potential sqft property ready shaped ideal living space dont miss chance make contact us today schedule viewing take first step toward creating home youve always envisioned,1260.0,17000000.0,For Sale,"Bahria Enclave, Bahria Town, Islamabad, Islamabad Capital",2024,2,2,2,0,17021369.84126984
House,bykashmir highway kmmetro station kmm one near mint drive awaym one mint drive awaycpec mint drive awayislamabad international airport mint drive awaythalliayan interchange mint drive awaygt road mint drive awayall bus terminals like daewoo faisal moversskywaysroad master kohistan etc mints drive awayquaid e azam international hospital mints drive awayzoo school park playgrounds community centre mosque golfclub commercial market kmfeel free contact,2250.0,37000000.0,For Sale,"Top City 1 - Block A, Top City 1, Islamabad, Islamabad Capital",2024,6,6,2,0,39171444.44444444
House,discover epitome luxury living stunning bedroom bathroom house spanning square yards prime location situated wide street meticulously designed home offers ample space comfortable living entertaining boasting multiple car parking spaces convenience bedroom designed utmost attention detail ensuring privacy comfort every member household spacious living areas perfect hosting gatherings creating unforgettable memories family friends price crores property presents unparalleled opportunity prestigious residence one soughtafter locations however believe price exceeds budget dont hesitate contact us explore alternative options tailored needs preferences dont miss rare chance experience luxury living finest contact us today schedule viewing make exquisite house new home also multiple options available sale rent sectors f f f e g f f islamabad,9000.0,450000000.0,For Sale,"F-7, Islamabad, Islamabad Capital",2023,6,6,4,0,452100000.0
House,kanal house sale triple story house luxury house bedrooms bathrooms drawing dinning kitchens tv lounges servants bathrooms terracemini lawn lush house margalla face view carpeted streetnear main double road near park markaz beautiful location,4500.0,255000000.0,For Sale,"D-12, Islamabad, Islamabad Capital",2024,9,7,3,0,252616785.71428573
House,house sale sector gsize kanal bedrooms washrooms v lounge car parking boorelectricity gas available,4500.0,160000000.0,For Sale,"G-13/2, G-13, Islamabad, Islamabad Capital",2025,8,6,9,0,141309000.0
House,luxurious kanal designer house sale construction prime location fgeha sector g islamabadplot size x one kanallocation fgeha sector g islamabaddemand crore lakh negotiablepayment mode confirm cash offer requireddiscover luxury living exquisitely designed kanal home located prestigious fgeha sector g islamabad built class construction premium materials house features tiled flooring throughout offers modern spacious layout ideal elegant living accommodationground floor bedrooms attached luxury bathroomsspacious tv loungestylish drawing dining roomfully equipped kitchenparking space carsfirst floor bedrooms attached bathroomselegant tv loungeseparate drawing diningmodern kitchenbeautiful terrace ideal teatime relaxing viewssecond floorproper servant quarter attached bath kitchen large storage roomsthis toptier residential option seeking space style strength prime location exclusive offer islamabad land managementfor full video details visit youtube channel islamabad land managementdont miss chance masterpiece fgeha sector g,4500.0,175000000.0,For Sale,"G-13, Islamabad, Islamabad Capital",2025,8,6,4,0,167610000.0
House,top location houseft streetnd cornerwith basementmargalla face facingreasonable pricefor details contact us,900.0,42500000.0,For Sale,"D-12/4, D-12, Islamabad, Islamabad Capital",2020,5,6,1,0,41747000.0
House,brand new gali corner house margalla face bedrooms tvl kitchens st entry ready move,2452.5,132500000.0,For Sale,"D-12/1, D-12, Islamabad, Islamabad Capital",2025,5,5,2,0,127250000.0
House,one beautiful modern well maintained house sale eaccommodation bed attached bath tv loungedrawing diningkitchen dirty kitchen store servant quarter terrace car parking spaceclosed end streetmargalla facingthis one one house available e seeing believing deals information feel free contact us,4500.0,170000000.0,For Sale,"E-11, Islamabad, Islamabad Capital",2025,5,5,2,0,163215000.00000003
House,experience epitome luxury living stunning kanal villa perfectly situated prestigious eighteen islamabad community key features kanal luxurious living space spacious bedrooms attached bathrooms builtin wardrobes fully fitted kitchen highend appliances cabinetry expansive living dining areas perfect entertaining private lounge family room relaxation car parks additional storage space private garden outdoor seating area perfect alfresco diningcommunity amenities hole golf course clubhouse restaurant lounge sports facilities hitech office buildings shopping centers secure gated community security modern infrastructure including paved roads street lights utilities beautiful parks landscapes walking trails recreational facilitiesideal families looking luxurious spacious living experience individuals seeking prime location dream home investors looking highreturn opportunity growing community value convenience security luxury livingnote villa possession decvillasineighteen eighteenislamabad luxuryvillas golfcoursevillas securecommunity dreamhomes pakistanrealestate islamabadproperties,4500.0,93000000.0,For Sale,"Eighteen, Kashmir Highway, Islamabad, Islamabad Capital",2025,5,6,2,0,102940000.0
House,marla house sale location islamabad size marla independent house bedrooms spacious bedrooms attached washrooms living spaces drawing room tv lounge kitchen fully equipped modern kitchen features wellmaintained ample lighting ventilation ideal families looking comfortable peaceful environment availability ready move price lac let know want detailscontactview contact detailabdullah abbasifair deal real estate,1125.0,55000000.0,For Sale,"D-12, Islamabad, Islamabad Capital",2023,4,4,1,0,54865000.0
Flat,luxury apartments sale eighteen kashmir highway islamabad large flat prime location could youre looking check property thats landed market sale enjoy comfortable life square feet sized property currently available property lifelong invest make right decision buy unit rs important amenities facilities made available eighteen experience comforts city life buy home islamabad find property central heating flat keep family warm lobby reception apartment building contributes residents security shared kitchen great terms costsaving ideasharing enjoy superior airquality central airconditioning system part flat building service elevator use transport luggage conveniently floor sit back relax jacuzzi protection top priority reason youll find expert security services patrol times things pique interest really contact us assure wont disappointed,990.0,22000000.0,For Sale,"Eighteen, Kashmir Highway, Islamabad, Islamabad Capital",2021,1,1,1,0,26264166.66666667
Flat,two large size bedrooms furnished custom furniture draperies attached two bathrooms powder rooms additional third bathroom adjacent living room spacious kitchensecurity cameras wifi rooms lcds tv bathrooms equipped bidets microwaveoven fridgewashing machineready live,1710.0,57500000.0,For Sale,"Eighteen, Kashmir Highway, Islamabad, Islamabad Capital",2024,2,3,2,0,56409000.0
Flat,j emporium emerging construct gigantic project twin cities based kanals story building construction updates today book slot today gets late booking starts j emporium landmark project j group j emporium located multi gardens b islamabad b cda approved sector islamabad offer residents experience blend high living standard convenience necessary facilities vicinity projects highlights situated central location islamabadluxurious apartments spectacular architecture meets stunning lifestylenoc amnesty scheme approved projecteasy instalment plan spanning years kannals story buildingpakistan first sky walk unmatchable locationj emporium located sector mpchs sector b block c islamabad b directly linked main g road motorway consisting daily facilities one requires along added locational benefits minutes drive margalla avenue minutes drive cpec motorway interchange minutes drive islamabad international airport minutes drive sadder rawalpindi minutes drive blue area islamabadfacilities amenitiesgym health clubsmart level underground parkingtwo main entrance ground levelswimming poolkids play area mallupscale shops security systemstandby power generator,720.0,10700000.0,For Sale,"J7 Emporium, B-17, Islamabad, Islamabad Capital",2024,2,1,2,0,10935540.0
House,victorianstyle marla designer home fmc home blends timeless charm modern comfortthis marla singleunit house fmc true headturner built passion detail love classic design stands victorianinspired architecture thoughtful layout key features spacious sunlit bedrooms attached bathrooms elegant mezzanine stair lobbya design centerpiece adds openness grace servant quarter mumty floor tucked away privacy warm inviting living spaces arched doorways vintage light fixtures classic moldings fully equipped kitchen separate drawing dining areas designed comfort stylelocation highlights located peaceful street fmc series walking distance football ground local commercial mosque american school ideal families appreciate character convenience wellconnected communitythis home isnt builtits curated perfect someone values classic elegance modern setting details please contact us mention zameen com,1800.0,39500000.0,For Sale,"B-17, Islamabad, Islamabad Capital",2025,5,5,2,0,37965800.0
House,brand new beds attach bath drawing dining tv lounge kitchensun facebeautiful well finished housenear markaznear masjidnear parkfeel free call,1800.0,85000000.0,For Sale,"D-12, Islamabad, Islamabad Capital",2024,5,6,2,0,82265000.0
House,house following featuresvvvip location frental value monthlybrand newfirst entry portions bed rooms kitchens separate spice kitchensartistically designeda construction imported fittingswooden stairs wooden ceilingsmart home featureswashroom fittings europevisits appointments,5850.0,580000000.0,For Sale,"F-7, Islamabad, Islamabad Capital",2024,7,6,1,0,522175000.0
House,prestigious community eighteen golf view desirable present rare marla golf view villa may enjoy epitome luxury eighteen within range limited availability golf view marla size makes attractive investment higher roi expected call details,2250.0,63500000.0,For Sale,"Eighteen, Kashmir Highway, Islamabad, Islamabad Capital",2025,4,5,2,0,65874713.49206349
House,gorgeous marla house sale bahria enclave sector c prime location premium design spacious livingthis stunning marla house offers perfect blend luxury comfort functionality rare opportunity meticulously designed home one islamabads prestigious communitiesproperty highlights spacious bedrooms attached bathrooms elegant drawing rooms perfect relaxation entertainment cozy lounges ideal family gatherings modern kitchens fully equipped culinary enthusiastspowder room added convenienceservant quarters attached bath separate entranceexclusive secure highvalue investmentcontact direct deal,2250.0,51000000.0,For Sale,"Bahria Enclave - Sector C1, Bahria Enclave, Bahria Town, Islamabad, Islamabad Capital",2021,5,5,1,0,47291500.0
House,marla house sale location dislamabad size marla independent house bedrooms spacious bedrooms attached washrooms living spaces drawing room tv lounge kitchen fully equipped modern kitchen features wellmaintained ample lighting ventilation ideal families looking comfortable peaceful environment availability ready move inlet know want detailscontact fair deal real estate,900.0,45000000.0,For Sale,"D-12/4, D-12, Islamabad, Islamabad Capital",2022,4,4,1,0,43862600.0
House,spacious family home marla spanishstyle luxury residencewelcome dream family home stunning kanal spanishstyle residence designed comfort space togetherness perfectly tailored growing family beautifully maintained property offers everything need create lasting memories generously sized bedrooms ideal large family guests elegant drawing room hosting friends family cozy tv lounges providing ample space family movie nights quiet relaxation modern bathrooms premium imported fittings wellequipped main kitchen plus separate greasy kitchen convenience rooftop game room perfect family fun entertainment solid sheesham wooden doors throughout adding warmth qualityadditional features include servant quarter attached bathroom dedicated storeroom added functionality secure parking space cars phase electrical meter efficient power supply septic tanks water boring clean water feet plus additional feet total feet water issue concrete street street lights installed dead end street walking distance korang bridgesun facingprime location familyfriendly amenitiesenjoy sunfacing view peaceful clean neighborhood near korang road home minutes away mosque market playground jogging track cricket ground everything family needs convenience healthy lifestyle house residence space family grow laugh thrive total covered sq ftplot covered area sq ft,5850.0,95000000.0,For Sale,"Bani Gala, Islamabad, Islamabad Capital",2018,6,6,2,0,102745000.0
House,g islamabad brand new house salesize x double units bedrooms washrooms kitchen tv lounge dd servant quarter boring available electric available solid wooden work lush green lawn extra parkingfor details contact us,1575.0,60000000.0,For Sale,"G-13, Islamabad, Islamabad Capital",2014,5,6,3,0,57918333.33333333
Flat,backed top developers eighteen flagship project ora developers saif group kohistan builders global expertise ora developers known highend projects like nile towers pier pyramid hills egypt ayia napa marina bring international experience prime location situated southwest islamabad minutes new islamabad international airport wellconnected major roads exclusive living spaces amenities vast development area covers million square yards premium residenceso units villas apartments apartment buildings clusters villas championship golf courseo yard hole professional golf course scenic views highend facilities club house sq ft offers cricket fields sports clubs swimming pools tennis courts squash courts yoga studios luxury shoppingo square feet shopping space square parking spaces business hubo million square feet office space unique buildings located core medical facilitieso square feet healthcare services clinic full emergency nonemergency services boutique hotelo rooms event spaces guests eighteen combines luxury convenience elegant lifestyle islamabad,2205.0,86100000.0,For Sale,"Eighteen, Kashmir Highway, Islamabad, Islamabad Capital",2024,3,4,1,0,78081666.66666667
House,f yards brand new house main double road suitable two familiesmost soughtafter location bedrooms includes premium basement drawingdining rooms powder rooms tv lounges kitchens dirty kitchens servant quarters store roomslaundry areasample car parkingcda transferdemand crorescontact rapid realtors,5850.0,550000000.0,For Sale,"F-7, Islamabad, Islamabad Capital",2025,7,7,2,0,500705000.0
House,marla house sale location islamabad size marla independent house bedrooms spacious bedrooms attached washrooms living spaces drawing room tv lounge kitchen fully equipped modern kitchen features wellmaintained ample lighting ventilation ideal families looking comfortable peaceful environment availability ready move price crore let know want detailscontact fair deal real estate,2250.0,120000000.0,For Sale,"D-12, Islamabad, Islamabad Capital",2025,7,6,3,0,117035000.0
House,g islamabad brand new house salesize x double units bedrooms washrooms kitchen tv lounge dd servant quarter boring available electric available solid wooden work lush green lawn extra parkingfor details contact us,3150.0,115000000.0,For Sale,"G-13, Islamabad, Islamabad Capital",2025,8,7,3,0,115837500.0
House,marla house sale bahria enclave sector hthis beautifully designed marla house located prime sector h bahria enclave offering perfect blend modern living convenience house features spacious bedrooms attached bathrooms washrooms total comfortable living rooms ideal family gatherings stylish fully equipped kitchen dedicated store room extra storage car porch provides secure parking vehicle wellplanned layout home perfect families seeking comfort elegance serene environment dont miss opportunity dream house one islamabads soughtafter locations,1125.0,24500000.0,For Sale,"Bahria Enclave - Sector H, Bahria Enclave, Bahria Town, Islamabad, Islamabad Capital",2025,3,5,2,0,24009333.33333333
Flat,best investment opportunity development work finishing work process pay book spotlimited inventory available serious people may contact,2452.5,36600000.0,For Sale,"J7 Emporium, B-17, Islamabad, Islamabad Capital",2024,3,3,1,0,31490333.333333336
House,topcity islamabad house visit best housing project near islamabad airport marla plots saletop city islamabad modern residential commercial development located near islamabad international airport known prime location contemporary amenities offers range residential options including villas apartments project emphasizes green spaces parks secure environment making attractive choice families investors easy access major road networks top city designed provide convenient lifestyle fostering community living cheap land sale near islamabad sastay plots cheap plots top city islamabad updated payment plan noc topcity top city islamabad payment plan location map topcity islamabad top city islamabad city tour house sale flat sale qistoon property sale topcity islamabad latest site visit best housing project near islamabad airport plots saletopcity islamabad sitevisit newbooking marlaplots plotsoninstallment latestupdates topcityupdates priceupdates topcityvisit plotpriceinislamabad islamabadproperty airport top city top city islamabadtopcity site visittopcity site visit awais ur rehmantopcity drone visittopcity hd drone top city rawalpinditop city near motorwaytop city near kashmir highwaybest society near islamabad airporttop city latest development updatetop city latest visittop city updatestopcity islamabadtopcity price updatesbest housing societyhousing society near islamabad airporttop housing societiesnoc approved rda approvedrawalpindi development authority cdacapital development authoritynew islamabad airport near metro busislamabad property plot saleplots installment islamabadproperty sale islamabadproperty purchase islamabadplot sale purchase topcityblue world citycapital smart city,2250.0,44000000.0,For Sale,"Top City 1 - Block A, Top City 1, Islamabad, Islamabad Capital",2025,6,6,2,0,43440333.33333334
House,beautiful house available sale reasonable price features luxury bedrooms modern bathrooms drawing dinning tv lounge kitchen big lawn servant quarter store room huge car parking queries kindly contact mention number,5850.0,320000000.0,For Sale,"F-7/4, F-7, Islamabad, Islamabad Capital",2017,5,6,2,0,290770000.0
House,house sale fgeha sector g islamabad used good condition margalla face house proper map bedrooms attached bath every floor mumty proper servent bath interested feel free contact us,900.0,33000000.0,For Sale,"G-13/1, G-13, Islamabad, Islamabad Capital",2017,5,5,1,0,34376000.0
House,location house near margalla roadold corner house rent prime location f islamabad sq yardsan exceptional opportunity rent old demolishable house located spacious square yard corner plot heart f one islamabads soughtafter prestigious sectors property offers peaceful upscale environment ideal embassies international institutions planning future redevelopment project existing structure outdated best suited demolition real value lies land premium location key features plot size square yards structure old suitable demolition corner plot dual access cda transfer secure transparent ownership prime location f ideal redevelopment perfect embassies institutions longterm investmentimportantreal estate agents property dealers strictly requested contact direct clients,10350.0,320000000.0,For Sale,"F-7, Islamabad, Islamabad Capital",2002,6,6,20,0,459420000.0
House,pleased offer one best property town best prime centered located poperty reasonable demand property end search definately going avail apportunity original pics attached beds ensuited servant rooms majlis areadd tv lounges drawing rooms kitchen dirty kitchenbig front garden car porch beautiful fountain bridge side gallery double entrance security safety near blue area markaz school hospital parks margalla mountain access please call details usland estate reality head office blue area office royal center fazel haq road branch office bahria enclave ubl bank building st floor sec specialized sale rental residental commercial properties effff f bahria enclave islamabad,18000.0,1300000000.0,For Sale,"F-7, Islamabad, Islamabad Capital",2010,10,6,110,0,1349400000.0
House,marla designer house available sale bed bathddtv loungekitchenstore roomservant roomcar parkingcontact us information direct deal,1125.0,27500000.0,For Sale,"Bahria Enclave, Bahria Town, Islamabad, Islamabad Capital",2024,3,4,1,0,26917000.0
House,f prime location liveable house available sale plot size syd dimension cda transfer demand cr,4500.0,280000000.0,For Sale,"F-7, Islamabad, Islamabad Capital",2000,5,6,5,0,285950000.0
House,house constructed completion certificate received heaving master bedrooms ground floor big tv lounge dining drawing room open kitchen dirty kitchen laundry room floors bedrooms drawing tv lounge kitchens laundry st floor servent quarter roof attached bath mind blowing location facilities within walking distance urgent cash offer required property adjustment car could adjusted,4500.0,74500000.0,For Sale,"Bahria Enclave - Sector C, Bahria Enclave, Bahria Town, Islamabad, Islamabad Capital",2020,5,6,2,0,82128000.0
House,park facingbrand new househeighted location min drive main entrance near school marketa material used build solid house,2250.0,60000000.0,For Sale,"Bahria Enclave - Sector C2, Bahria Enclave, Bahria Town, Islamabad, Islamabad Capital",2025,5,6,2,0,44575000.0
House,g islamabad brand new house salesize x double units bedrooms washrooms kitchen tv lounge dd servant quarter boring available electric available solid wooden work lush green lawn extra parkingfor details contact us,1575.0,61000000.0,For Sale,"G-13, Islamabad, Islamabad Capital",2025,5,6,2,0,60135000.0
House,house sale sector g islamabad size marla bedrooms washrooms v lounge kitchen car parking boorelectricity gas available demand,900.0,41000000.0,For Sale,"G-13/4, G-13, Islamabad, Islamabad Capital",2000,4,5,2,0,35959500.0
Flat,escape chaos enjoy peaceful living stunning bedroom sq ft apartment capital residencia e spacious bedroom layout separate drawing room tv lounge americanstyle open kitchen effortless cooking entertaining underground parking cctv cameras maximum security situated prestigious margalla road familyfriendly environmentstep serene sanctuary minutes heart city apartment offers perfect balance space comfort convenience growing families relax privacy home enjoying amenities secure communityoriented building ample room spread modern comforts ideal urban oasis youve searching,1395.0,18500000.0,For Sale,"Capital Residencia, Margalla Hills-2, E-11, Islamabad, Islamabad Capital",2020,2,2,1,0,26019500.0
House,luxury marla designer house sale bahria enclave sector g street dream home awaitslooking perfect blend luxury space affordability exquisite marla luxury house prestigious bahria enclave sector g street available unbeatable price designed modern living home features construction quality highend finishes spacious openconcept layoutideal families value elegance comfort property highlights spacious bedrooms perfect growing family luxurious bathrooms premium fittings modern design open kitchen big hall stylish functional perfect entertaining prime location bahria enclave known secure upscale living toptier amenities security parks schools shopping construction highquality materials durability sophistication affordable luxury priced competitively quick saledont miss outthis gem wont last longcontact us schedule viewing make dream home,1800.0,33500000.0,For Sale,"Bahria Enclave - Sector G, Bahria Enclave, Bahria Town, Islamabad, Islamabad Capital",2025,4,4,2,0,33446500.0
House,f sqyd beautiful build house specious bedroom huge dd tv lounge basement huge conference hall kitchen carparking margala facing cda transfercda transfermargalla facing viewvery peaceful locationbasementhuge conference hall carparking bedroombest location basement hugetvdrawing dininglounge kitchenservant quarternote contact serious buyers bright homesluxury real estatedeals inluxury houses f f f g e islamabadwe also deal commercial industrial properties cda sectors,5850.0,430000000.0,For Sale,"F-7, Islamabad, Islamabad Capital",2025,6,7,2,0,417900000.0
